날짜,지역,카테고리,상품명,수량,단가,매출,이익,평점
2024-01-02,서울,도서,만화,11,119014,1309154,412192,4.5
2024-01-03,광주,의류,자켓,4,41727,166908,41873,4.2
2024-01-03,인천,가구,침대,8,67261,538088,80608,4.7
2024-01-04,부산,의류,티셔츠,13,131678,1711814,463552,4.6
2024-01-05,대구,식품,과자,4,153056,612224,195483,3.5
2024-01-05,부산,식품,커피,15,127409,1911135,401021,3.0
2024-01-08,광주,가구,침대,11,72843,801273,240100,4.9
2024-01-08,광주,가구,책상,12,76853,922236,270649,4.0
2024-01-08,인천,가구,침대,3,106570,319710,73153,4.9
2024-01-09,대구,가구,책상,17,31172,529924,87468,3.8
2024-01-12,서울,전자제품,스마트폰,11,172823,1901053,260866,3.3
2024-01-12,인천,도서,소설,13,88186,1146418,177470,4.9
2024-01-12,서울,의류,청바지,1,25953,25953,3080,4.6
2024-01-14,부산,가구,책상,15,51101,766515,184594,2.8
2024-01-14,서울,의류,티셔츠,7,28752,201264,27138,4.6
2024-01-16,서울,의류,티셔츠,7,49813,348691,45375,4.3
2024-01-16,서울,전자제품,스마트폰,11,123581,1359391,435058,3.0
2024-01-17,인천,가구,책상,14,41212,576968,185134,4.4
2024-01-20,서울,의류,운동화,6,71418,428508,92416,5.0
2024-01-21,인천,식품,라면,4,90376,361504,88611,2.8
2024-01-21,대구,도서,만화,15,61088,916320,241609,3.5
2024-01-21,광주,의류,운동화,6,31170,187020,26287,2.5
2024-01-22,부산,식품,라면,7,99876,699132,231679,2.7
2024-01-23,부산,의류,운동화,8,137661,1101288,129890,4.2
2024-01-24,광주,식품,커피,4,137473,549892,126342,4.2
2024-01-25,광주,도서,에세이,8,106268,850144,90500,2.8
2024-01-25,광주,식품,라면,2,30559,61118,9972,2.5
2024-01-25,대구,전자제품,모니터,2,160289,320578,38422,4.3
2024-01-26,인천,도서,에세이,8,94906,759248,160438,4.5
2024-01-28,인천,도서,소설,4,25159,100636,21467,2.6
2024-01-29,서울,식품,커피,2,30931,61862,6734,3.3
2024-01-30,인천,전자제품,모니터,5,165878,829390,116290,3.9
2024-01-30,광주,전자제품,모니터,19,152661,2900559,380957,3.3
2024-01-31,부산,의류,운동화,11,172581,1898391,621107,2.5
2024-02-01,광주,가구,책상,4,166645,666580,192326,2.5
2024-02-02,부산,가구,의자,12,51607,619284,149881,4.2
2024-02-02,대구,식품,과자,2,31029,62058,13475,4.9
2024-02-04,광주,의류,자켓,5,55990,279950,92326,2.7
2024-02-05,광주,가구,책상,2,178952,357904,108932,3.4
2024-02-06,광주,가구,침대,4,120953,483812,162960,2.9
2024-02-06,인천,전자제품,이어폰,13,179358,2331654,672999,2.8
2024-02-06,대구,전자제품,노트북,3,178714,536142,150918,4.7
2024-02-06,서울,식품,라면,10,13946,139460,37662,2.7
2024-02-06,광주,전자제품,스마트폰,3,190312,570936,67848,3.3
2024-02-08,대구,도서,소설,18,145507,2619126,636103,4.4
2024-02-08,서울,도서,자기계발,15,67943,1019145,334158,2.6
2024-02-08,인천,식품,음료,6,65058,390348,111345,3.8
2024-02-08,서울,가구,의자,13,163417,2124421,488706,3.6
2024-02-09,대구,도서,소설,1,129165,129165,29749,4.7
2024-02-10,인천,가구,소파,3,31990,95970,22874,4.1
2024-02-10,인천,도서,자기계발,14,40046,560644,106415,4.0
2024-02-12,인천,가구,의자,7,152796,1069572,224219,3.0
2024-02-13,인천,가구,소파,18,86537,1557666,203653,3.1
2024-02-13,광주,식품,커피,1,13706,13706,2390,3.9
2024-02-13,서울,의류,운동화,3,26253,78759,15199,3.6
2024-02-15,인천,전자제품,이어폰,4,68353,273412,91647,3.8
2024-02-16,인천,도서,에세이,8,20088,160704,31365,3.5
2024-02-16,서울,전자제품,스마트폰,15,57638,864570,301698,4.2
2024-02-18,서울,가구,의자,17,57853,983501,309958,3.8
2024-02-18,인천,가구,책상,9,195632,1760688,598558,3.7
2024-02-19,서울,식품,음료,9,77099,693891,74488,3.5
2024-02-19,인천,의류,청바지,6,83953,503718,121862,2.6
2024-02-20,인천,전자제품,노트북,2,25583,51166,7422,2.7
2024-02-21,대구,도서,자기계발,3,126999,380997,46637,4.3
2024-02-22,서울,도서,소설,10,26689,266890,30529,3.9
2024-02-28,부산,가구,소파,10,82240,822400,210208,4.5
2024-02-28,인천,의류,티셔츠,4,79816,319264,41270,3.6
2024-02-28,부산,가구,소파,14,151721,2124094,283475,4.1
2024-03-01,광주,의류,운동화,11,182832,2011152,599172,3.9
2024-03-01,부산,식품,라면,5,116195,580975,108587,2.6
2024-03-01,부산,의류,자켓,13,98808,1284504,316569,4.0
2024-03-02,광주,의류,티셔츠,2,152973,305946,72493,4.9
2024-03-02,광주,식품,라면,14,36174,506436,143526,4.4
2024-03-02,서울,의류,자켓,11,84239,926629,203075,4.6
2024-03-05,광주,도서,에세이,18,118132,2126376,731406,4.5
2024-03-06,서울,도서,소설,4,183773,735092,229357,4.6
2024-03-06,대구,의류,자켓,18,109211,1965798,478201,4.8
2024-03-07,인천,의류,티셔츠,15,60077,901155,171305,2.7
2024-03-07,서울,도서,에세이,15,142443,2136645,500566,4.0
2024-03-07,대구,의류,운동화,15,125430,1881450,479804,3.8
2024-03-08,광주,가구,침대,13,169685,2205905,703742,3.2
2024-03-08,인천,의류,티셔츠,14,59869,838166,270791,3.0
2024-03-09,광주,식품,음료,16,74042,1184672,342917,2.5
2024-03-09,서울,식품,음료,2,22014,44028,10295,2.9
2024-03-09,광주,도서,만화,17,161351,2742967,605489,2.8
2024-03-09,광주,전자제품,노트북,13,81449,1058837,150444,3.1
2024-03-10,서울,가구,소파,16,78402,1254432,433138,3.9
2024-03-12,서울,가구,의자,3,43787,131361,16393,3.5
2024-03-13,서울,식품,과자,9,130926,1178334,138285,3.8
2024-03-14,인천,도서,만화,10,24710,247100,63898,3.1
2024-03-15,부산,식품,커피,4,133379,533516,145170,3.4
2024-03-15,서울,가구,의자,15,117056,1755840,175643,3.8
2024-03-16,광주,의류,청바지,6,34402,206412,51470,4.0
2024-03-20,광주,식품,음료,5,96362,481810,131945,2.7
2024-03-21,대구,가구,침대,18,92893,1672074,524700,4.0
2024-03-21,부산,도서,만화,19,155201,2948819,716061,4.2
2024-03-22,광주,전자제품,이어폰,19,22772,432668,131729,2.8
2024-03-22,대구,가구,침대,19,115384,2192296,568074,2.9
2024-03-24,부산,의류,자켓,4,22073,88292,17903,3.4
2024-03-24,서울,도서,소설,17,98070,1667190,363271,3.5
2024-03-27,광주,도서,만화,11,172296,1895256,223680,2.7
2024-03-29,인천,식품,과자,9,127732,1149588,307491,2.6
2024-03-29,서울,가구,책상,5,153746,768730,245506,3.2
2024-03-30,광주,식품,라면,4,110292,441168,102857,2.6
2024-03-31,부산,가구,의자,8,20037,160296,31274,4.9
2024-04-01,광주,도서,자기계발,16,164674,2634784,898804,4.4
2024-04-01,대구,가구,소파,13,189482,2463266,369782,2.8
2024-04-01,서울,식품,라면,16,110228,1763648,545414,4.2
2024-04-03,서울,도서,에세이,12,47929,575148,75387,4.3
2024-04-04,인천,가구,소파,2,69887,139774,42506,3.8
2024-04-04,부산,의류,청바지,3,99074,297222,52592,4.5
2024-04-05,서울,도서,소설,4,32663,130652,15370,4.1
2024-04-05,서울,도서,소설,1,139415,139415,31950,4.1
2024-04-06,인천,전자제품,노트북,16,50714,811424,197177,4.4
2024-04-06,광주,전자제품,모니터,14,159692,2235688,261773,4.5
2024-04-06,인천,가구,소파,8,28312,226496,35823,3.1
2024-04-07,대구,전자제품,노트북,6,56663,339978,37463,4.0
2024-04-07,부산,전자제품,스마트폰,5,88457,442285,117669,3.0
2024-04-08,광주,전자제품,노트북,6,197121,1182726,292809,3.1
2024-04-08,인천,의류,자켓,19,71668,1361692,256356,4.7
2024-04-08,광주,전자제품,이어폰,15,46846,702690,215361,3.2
2024-04-09,부산,식품,커피,19,138296,2627624,510622,4.8
2024-04-10,서울,도서,만화,12,184819,2217828,567149,2.7
2024-04-12,서울,식품,음료,13,139055,1807715,380087,3.5
2024-04-12,인천,도서,자기계발,11,124879,1373669,342957,2.9
2024-04-12,광주,도서,만화,3,193799,581397,58354,4.3
2024-04-13,광주,가구,침대,12,23752,285024,88502,3.8
2024-04-13,서울,의류,자켓,5,194414,972070,193232,2.6
2024-04-14,부산,의류,자켓,11,79637,876007,226907,4.8
2024-04-15,대구,전자제품,노트북,5,75448,377240,95920,2.8
2024-04-15,대구,전자제품,모니터,19,33251,631769,180693,3.1
2024-04-15,서울,도서,에세이,12,46800,561600,124615,2.6
2024-04-16,광주,전자제품,스마트폰,4,195471,781884,224451,3.0
2024-04-17,부산,식품,과자,2,130341,260682,26084,3.0
2024-04-18,인천,도서,만화,1,191470,191470,64814,4.3
2024-04-18,광주,도서,에세이,9,23135,208215,69274,2.8
2024-04-20,인천,식품,음료,12,42219,506628,167029,4.5
2024-04-20,부산,식품,음료,19,175492,3334348,1161894,4.7
2024-04-22,서울,전자제품,모니터,2,149059,298118,30488,4.5
2024-04-22,광주,전자제품,모니터,17,31736,539512,185675,3.5
2024-04-25,부산,식품,라면,9,39681,357129,121095,2.9
2024-04-25,광주,전자제품,노트북,17,151144,2569448,830632,2.7
2024-04-25,인천,전자제품,이어폰,4,10744,42976,5808,3.7
2024-04-26,서울,가구,의자,1,71617,71617,23548,3.6
2024-04-26,인천,의류,티셔츠,7,169437,1186059,285017,3.8
2024-04-27,광주,가구,의자,9,86929,782361,112420,3.4
2024-04-28,서울,가구,의자,15,192921,2893815,749549,3.1
2024-04-30,인천,도서,소설,3,194125,582375,132599,3.5
2024-05-03,서울,전자제품,모니터,11,97036,1067396,200926,4.1
2024-05-04,서울,전자제품,이어폰,7,114847,803929,106198,2.8
2024-05-05,대구,전자제품,노트북,6,144839,869034,218514,3.4
2024-05-05,광주,가구,책상,9,57887,520983,147575,3.8
2024-05-05,인천,식품,음료,11,194784,2142624,716380,2.6
2024-05-06,부산,식품,음료,15,70428,1056420,119444,3.5
2024-05-07,인천,의류,티셔츠,19,29618,562742,174309,2.5
2024-05-07,광주,가구,의자,18,56913,1024434,336714,2.5
2024-05-07,광주,의류,운동화,9,36653,329877,38528,3.5
2024-05-08,서울,도서,자기계발,8,60337,482696,103741,2.7
2024-05-08,서울,도서,자기계발,17,33482,569194,112766,4.4
2024-05-09,인천,도서,만화,8,61549,492392,122213,4.2
2024-05-11,서울,도서,자기계발,7,53770,376390,72766,3.2
2024-05-12,부산,가구,소파,1,181659,181659,29175,2.8
2024-05-12,대구,도서,자기계발,11,11801,129811,44417,4.2
2024-05-14,서울,가구,책상,1,94135,94135,18140,4.2
2024-05-14,인천,식품,커피,11,32606,358666,105840,3.6
2024-05-14,대구,전자제품,모니터,5,125356,626780,63566,4.8
2024-05-14,대구,전자제품,모니터,1,112450,112450,21582,3.2
2024-05-16,부산,가구,소파,3,141487,424461,119018,2.6
2024-05-18,광주,전자제품,스마트폰,19,43870,833530,98582,4.1
2024-05-18,대구,식품,커피,16,92969,1487504,269649,4.2
2024-05-19,대구,의류,티셔츠,5,173645,868225,300043,4.7
2024-05-20,광주,의류,운동화,9,45695,411255,142920,4.9
2024-05-20,인천,가구,의자,3,172248,516744,142256,4.3
2024-05-21,대구,도서,자기계발,9,97493,877437,250770,2.6
2024-05-21,서울,도서,에세이,18,33228,598104,157627,3.0
2024-05-22,대구,도서,만화,13,67623,879099,219525,4.2
2024-05-22,인천,의류,청바지,19,98848,1878112,260608,5.0
2024-05-24,인천,가구,소파,16,86437,1382992,219426,3.5
2024-05-24,광주,도서,만화,15,87970,1319550,410638,4.4
2024-05-24,광주,가구,책상,19,175047,3325893,825665,4.0
2024-05-25,대구,가구,의자,7,7257,50799,12091,3.5
2024-05-26,광주,도서,소설,2,108409,216818,54473,3.3
2024-05-28,서울,가구,책상,14,145146,2032044,293512,4.2
2024-05-29,광주,가구,책상,11,81125,892375,127916,4.7
2024-05-29,서울,식품,과자,19,157850,2999150,903424,2.5
2024-05-29,부산,의류,청바지,17,75313,1280321,391330,3.4
2024-05-30,부산,도서,에세이,9,40585,365265,122086,3.9
2024-05-31,서울,가구,소파,17,37711,641087,189977,4.2
2024-05-31,광주,가구,책상,6,18428,110568,32856,3.8
2024-05-31,서울,도서,만화,8,180929,1447432,311902,5.0
2024-06-01,대구,도서,자기계발,17,158262,2690454,855294,3.1
2024-06-02,인천,가구,소파,2,39064,78128,26566,3.8
2024-06-02,부산,전자제품,이어폰,18,158512,2853216,528109,4.9
2024-06-04,광주,가구,의자,1,180251,180251,33336,3.8
2024-06-04,광주,의류,운동화,4,66529,266116,52443,3.1
2024-06-04,서울,가구,침대,1,26447,26447,3125,2.7
2024-06-07,서울,의류,티셔츠,10,124735,1247350,425012,3.7
2024-06-08,광주,식품,과자,2,44922,89844,21662,3.0
2024-06-08,대구,가구,침대,12,16938,203256,53014,3.6
2024-06-08,인천,식품,음료,17,30342,515814,155149,3.7
2024-06-09,서울,전자제품,모니터,13,163280,2122640,260279,3.2
2024-06-09,대구,의류,티셔츠,10,159165,1591650,436124,3.9
2024-06-10,인천,전자제품,이어폰,18,114575,2062350,220205,3.1
2024-06-10,부산,가구,침대,6,116041,696246,193227,4.2
2024-06-11,대구,전자제품,이어폰,14,135064,1890896,561383,3.1
2024-06-11,광주,전자제품,모니터,1,43467,43467,6925,3.3
2024-06-11,대구,전자제품,이어폰,5,139633,698165,132384,2.8
2024-06-12,서울,식품,라면,8,121021,968168,212041,4.2
2024-06-12,광주,식품,과자,3,38397,115191,16408,3.8
2024-06-13,부산,의류,자켓,17,192469,3271973,494923,3.1
2024-06-13,서울,식품,과자,12,170838,2050056,291257,3.0
2024-06-13,광주,의류,자켓,10,21032,210320,31963,2.6
2024-06-14,부산,의류,청바지,15,73577,1103655,121729,4.2
2024-06-15,부산,가구,의자,14,179073,2507022,441621,2.7
2024-06-15,부산,전자제품,스마트폰,19,86571,1644849,226045,3.6
2024-06-16,대구,도서,소설,5,44194,220970,48738,2.8
2024-06-17,광주,의류,청바지,9,150328,1352952,252503,3.5
2024-06-17,서울,도서,소설,6,39148,234888,65952,3.0
2024-06-18,서울,의류,자켓,5,115641,578205,163626,4.6
2024-06-18,인천,도서,자기계발,6,166475,998850,348313,3.9
2024-06-18,인천,식품,과자,7,199692,1397844,447614,4.7
2024-06-21,인천,전자제품,이어폰,17,146706,2494002,532705,4.6
2024-06-21,광주,가구,책상,1,42744,42744,12364,2.6
2024-06-21,인천,전자제품,이어폰,1,170009,170009,32787,2.7
2024-06-23,광주,전자제품,노트북,3,80225,240675,33877,4.5
2024-06-23,서울,의류,티셔츠,6,98574,591444,61740,3.2
2024-06-23,부산,의류,청바지,17,31737,539529,120991,4.4
2024-06-23,광주,도서,자기계발,13,34796,452348,154482,4.4
2024-06-24,부산,식품,라면,18,41062,739116,233199,4.6
2024-06-25,대구,가구,책상,17,170983,2906711,538325,4.8
2024-06-26,부산,도서,자기계발,10,138291,1382910,208035,4.2
2024-06-26,대구,식품,커피,19,138623,2633837,386333,2.7
2024-06-27,대구,도서,만화,3,43304,129912,34150,3.0
2024-06-27,인천,의류,운동화,18,137311,2471598,671019,2.5
2024-06-27,인천,가구,침대,4,35795,143180,31774,4.1
2024-06-27,광주,전자제품,스마트폰,1,97122,97122,30211,4.2
2024-06-28,광주,전자제품,노트북,11,9757,107327,16638,3.0
2024-06-29,대구,의류,운동화,1,187385,187385,61005,4.7
2024-07-01,서울,전자제품,모니터,14,60419,845866,166774,2.9
2024-07-01,부산,식품,커피,6,159249,955494,258216,3.0
2024-07-01,광주,전자제품,모니터,12,190378,2284536,381390,4.5
2024-07-01,광주,의류,청바지,4,161193,644772,116813,4.3
2024-07-02,서울,의류,티셔츠,5,78477,392385,87562,3.3
2024-07-05,대구,식품,라면,14,191730,2684220,625499,2.8
2024-07-06,서울,전자제품,모니터,3,80969,242907,30631,3.5
2024-07-07,인천,도서,소설,6,100665,603990,77122,4.4
2024-07-08,대구,가구,소파,3,74092,222276,55988,2.9
2024-07-10,서울,전자제품,노트북,1,185795,185795,22129,3.2
2024-07-11,대구,도서,만화,19,58276,1107244,218486,3.2
2024-07-11,부산,식품,과자,18,33625,605250,154013,4.7
2024-07-12,부산,식품,라면,9,178824,1609416,269158,3.5
2024-07-13,대구,도서,만화,2,183140,366280,107240,4.1
2024-07-14,부산,도서,에세이,13,16338,212394,67832,4.3
2024-07-16,서울,의류,자켓,17,155945,2651065,800006,3.0
2024-07-16,서울,식품,커피,19,28284,537396,61281,4.6
2024-07-18,서울,전자제품,모니터,13,101722,1322386,167180,5.0
2024-07-19,광주,전자제품,모니터,3,14168,42504,4938,4.9
2024-07-19,서울,도서,만화,13,171619,2231047,374235,2.8
2024-07-20,대구,의류,자켓,9,57874,520866,133919,3.7
2024-07-21,서울,식품,과자,17,166458,2829786,915756,3.6
2024-07-22,부산,가구,책상,15,29826,447390,98918,4.2
2024-07-23,인천,가구,책상,4,117217,468868,162956,3.1
2024-07-24,서울,가구,침대,4,13712,54848,8234,3.7
2024-07-25,서울,가구,의자,5,30963,154815,45195,3.8
2024-07-25,부산,가구,소파,14,49247,689458,193137,2.7
2024-07-26,인천,의류,청바지,3,192518,577554,133762,4.3
2024-07-26,부산,도서,에세이,11,172746,1900206,519009,2.8
2024-07-27,대구,의류,자켓,8,136733,1093864,263155,4.9
2024-07-28,부산,도서,자기계발,3,173925,521775,164876,3.7
2024-07-29,대구,가구,소파,11,97601,1073611,133771,4.2
2024-07-29,광주,전자제품,노트북,16,98607,1577712,389479,3.2
2024-07-31,인천,식품,과자,17,197404,3355868,575453,4.5
2024-08-01,대구,가구,침대,3,111984,335952,112324,4.0
2024-08-01,서울,의류,티셔츠,12,33933,407196,45367,2.9
2024-08-01,대구,전자제품,노트북,12,130816,1569792,381030,2.5
2024-08-02,대구,식품,음료,4,196335,785340,217553,2.6
2024-08-02,인천,전자제품,스마트폰,8,28247,225976,64817,3.8
2024-08-02,서울,의류,운동화,10,80353,803530,148779,3.2
2024-08-04,부산,도서,소설,7,125030,875210,143146,3.8
2024-08-05,광주,식품,커피,15,141312,2119680,576439,3.8
2024-08-05,인천,의류,청바지,4,168678,674712,222971,2.7
2024-08-05,부산,도서,자기계발,4,198824,795296,171918,4.1
2024-08-05,부산,도서,에세이,4,116335,465340,121604,4.0
2024-08-07,광주,전자제품,스마트폰,14,83781,1172934,323629,3.7
2024-08-08,인천,가구,침대,6,62009,372054,49363,4.7
2024-08-09,대구,식품,과자,8,89761,718088,220537,3.2
2024-08-09,서울,의류,티셔츠,12,125674,1508088,508397,4.4
2024-08-11,서울,식품,커피,17,51540,876180,101530,2.6
2024-08-12,서울,전자제품,노트북,1,117755,117755,22309,3.3
2024-08-12,서울,도서,자기계발,16,157353,2517648,291120,3.6
2024-08-12,인천,의류,자켓,15,150448,2256720,756975,4.2
2024-08-12,부산,도서,만화,8,140090,1120720,264168,3.6
2024-08-13,광주,의류,티셔츠,14,32076,449064,114613,4.8
2024-08-14,부산,도서,에세이,8,124654,997232,100526,4.0
2024-08-15,부산,의류,운동화,6,181422,1088532,184187,4.0
2024-08-16,인천,가구,소파,6,93929,563574,70883,3.3
2024-08-16,광주,의류,자켓,19,64494,1225386,164316,2.5
2024-08-18,부산,가구,의자,17,139668,2374356,589786,4.2
2024-08-18,대구,가구,의자,6,102720,616320,109662,3.1
2024-08-18,서울,도서,만화,12,14715,176580,48946,2.6
2024-08-19,서울,가구,소파,8,173280,1386240,377586,4.2
2024-08-19,광주,가구,침대,14,119586,1674204,563637,3.9
2024-08-19,대구,전자제품,노트북,6,191388,1148328,389347,2.8
2024-08-20,인천,전자제품,스마트폰,17,44353,754001,256822,3.1
2024-08-20,대구,가구,의자,7,64163,449141,151592,4.9
2024-08-21,부산,식품,라면,12,121243,1454916,372513,3.5
2024-08-21,대구,의류,청바지,15,189233,2838495,922570,2.8
2024-08-22,대구,식품,라면,15,153216,2298240,494190,4.0
2024-08-22,인천,전자제품,노트북,16,52153,834448,261555,3.1
2024-08-23,광주,식품,커피,17,189943,3229031,710424,3.6
2024-08-23,인천,의류,운동화,6,195026,1170156,176466,4.4
2024-08-24,부산,전자제품,스마트폰,18,121506,2187108,455784,2.7
2024-08-24,인천,전자제품,노트북,6,48056,288336,29386,3.0
2024-08-24,서울,도서,만화,5,192647,963235,201464,4.0
2024-08-25,부산,의류,운동화,6,85257,511542,91663,4.6
2024-08-25,광주,식품,과자,8,155810,1246480,260014,3.4
2024-08-27,대구,식품,음료,16,9986,159776,51102,4.5
2024-08-27,대구,가구,소파,7,150544,1053808,355743,3.0
2024-08-28,부산,도서,만화,9,183634,1652706,183683,3.5
2024-08-28,부산,식품,음료,6,187020,1122120,288884,3.0
2024-08-29,인천,도서,소설,8,175536,1404288,244239,4.0
2024-08-29,부산,가구,침대,11,132734,1460074,386684,4.7
2024-09-02,광주,전자제품,스마트폰,4,119130,476520,118544,2.6
2024-09-02,광주,가구,소파,13,131503,1709539,528247,3.1
2024-09-03,대구,식품,라면,8,9324,74592,25779,2.8
2024-09-03,광주,의류,운동화,4,116086,464344,73371,3.6
2024-09-04,인천,전자제품,이어폰,9,80945,728505,200497,3.0
2024-09-05,서울,가구,책상,10,48088,480880,162239,2.9
2024-09-06,부산,도서,만화,2,131131,262262,50788,4.1
2024-09-07,광주,의류,청바지,6,111532,669192,103755,4.2
2024-09-07,대구,전자제품,모니터,13,82984,1078792,221489,4.1
2024-09-08,대구,식품,커피,17,9213,156621,46282,3.9
2024-09-08,부산,식품,과자,5,86050,430250,46163,3.7
2024-09-09,광주,의류,티셔츠,18,24065,433170,59193,3.8
2024-09-10,서울,의류,운동화,3,9358,28074,7686,3.5
2024-09-10,대구,전자제품,이어폰,18,183047,3294846,581016,3.7
2024-09-11,광주,도서,만화,5,179018,895090,198794,4.3
2024-09-11,부산,의류,티셔츠,4,161299,645196,141030,2.8
2024-09-11,광주,전자제품,이어폰,5,77258,386290,124333,3.9
2024-09-13,부산,가구,책상,15,138052,2070780,310803,4.7
2024-09-13,광주,도서,에세이,14,183595,2570330,337139,4.8
2024-09-14,광주,도서,만화,7,80713,564991,97043,4.0
2024-09-14,인천,의류,운동화,1,189779,189779,47998,2.5
2024-09-14,광주,도서,자기계발,18,49638,893484,198441,2.9
2024-09-15,대구,의류,자켓,8,142701,1141608,154320,3.0
2024-09-15,서울,식품,음료,10,147047,1470470,168319,3.5
2024-09-16,부산,식품,커피,4,47821,191284,21868,3.1
2024-09-16,인천,전자제품,노트북,17,32766,557022,177448,3.8
2024-09-19,인천,의류,운동화,17,138121,2348057,819621,4.9
2024-09-19,서울,가구,침대,13,149745,1946685,249324,2.5
2024-09-20,부산,식품,음료,14,196607,2752498,830463,4.9
2024-09-20,서울,가구,소파,10,105776,1057760,195010,4.7
2024-09-22,인천,전자제품,노트북,5,84530,422650,142495,3.1
2024-09-22,부산,전자제품,이어폰,16,108937,1742992,299560,4.1
2024-09-23,대구,의류,청바지,14,82576,1156064,225371,4.7
2024-09-25,광주,식품,커피,19,129184,2454496,320877,4.7
2024-09-25,광주,가구,책상,11,152977,1682747,310579,4.8
2024-09-26,광주,가구,침대,3,157499,472497,136819,2.6
2024-09-29,서울,가구,침대,13,71234,926042,115752,2.6
2024-09-29,인천,가구,소파,5,167917,839585,247831,4.3
2024-09-29,인천,전자제품,스마트폰,9,83356,750204,164183,4.1
2024-09-30,부산,식품,커피,1,56195,56195,16575,2.6
2024-09-30,대구,식품,라면,14,21371,299194,33860,2.7
2024-10-01,서울,가구,소파,14,115454,1616356,552441,3.5
2024-10-03,광주,전자제품,모니터,10,43756,437560,125866,4.5
2024-10-03,인천,의류,청바지,1,30556,30556,6265,4.8
2024-10-06,부산,전자제품,모니터,13,43044,559572,168179,2.7
2024-10-06,부산,의류,자켓,10,181089,1810890,516452,4.2
2024-10-06,서울,의류,청바지,14,173671,2431394,501605,2.6
2024-10-06,인천,의류,자켓,12,23639,283668,66891,2.9
2024-10-07,광주,전자제품,모니터,14,167624,2346736,590352,4.4
2024-10-08,인천,의류,운동화,14,93397,1307558,298324,3.5
2024-10-08,광주,전자제품,이어폰,3,81260,243780,81293,3.3
2024-10-09,광주,가구,소파,10,81325,813250,127548,3.6
2024-10-10,서울,식품,커피,15,20563,308445,67444,4.6
2024-10-10,부산,전자제품,이어폰,2,86816,173632,21450,3.4
2024-10-10,부산,의류,티셔츠,6,100259,601554,93006,3.5
2024-10-11,광주,가구,소파,14,148233,2075262,227741,4.0
2024-10-11,광주,식품,라면,17,64500,1096500,375755,4.4
2024-10-12,부산,식품,커피,5,6015,30075,5838,4.5
2024-10-14,부산,가구,책상,11,27042,297462,94299,4.9
2024-10-14,대구,식품,음료,12,44758,537096,155671,2.7
2024-10-15,광주,가구,책상,7,86486,605402,78126,4.5
2024-10-15,인천,의류,청바지,5,179944,899720,113121,3.8
2024-10-16,광주,도서,자기계발,6,27031,162186,43861,2.8
2024-10-16,인천,식품,라면,8,160394,1283152,331082,3.9
2024-10-16,대구,식품,과자,7,33454,234178,36651,4.1
2024-10-17,인천,전자제품,스마트폰,11,144649,1591139,344362,3.7
2024-10-17,부산,식품,음료,7,45461,318227,38260,3.5
2024-10-18,인천,식품,커피,12,31790,381480,78606,4.8
2024-10-19,대구,가구,소파,11,62993,692923,113792,4.1
2024-10-19,부산,전자제품,모니터,9,180399,1623591,503492,4.8
2024-10-19,대구,가구,침대,3,118252,354756,121656,4.6
2024-10-19,부산,전자제품,노트북,16,155043,2480688,785026,3.7
2024-10-20,부산,의류,청바지,15,159458,2391870,293603,4.3
2024-10-20,대구,식품,커피,13,161590,2100670,539133,4.8
2024-10-20,대구,식품,라면,5,146339,731695,76841,3.3
2024-10-20,인천,도서,만화,16,6969,111504,16777,4.2
2024-10-20,인천,식품,과자,3,72263,216789,64711,3.7
2024-10-22,대구,도서,에세이,1,107974,107974,24368,3.1
2024-10-23,인천,도서,소설,8,11710,93680,24419,3.0
2024-10-25,광주,의류,자켓,3,187065,561195,177769,4.8
2024-10-26,인천,식품,음료,6,195961,1175766,327889,3.8
2024-10-26,광주,의류,자켓,6,141321,847926,295532,4.2
2024-10-27,대구,식품,커피,8,131311,1050488,343095,2.9
2024-10-27,인천,전자제품,노트북,4,70618,282472,95870,3.5
2024-10-29,인천,도서,만화,15,25103,376545,51767,3.1
2024-10-29,광주,의류,청바지,13,25132,326716,107087,4.6
2024-10-30,부산,가구,의자,12,26636,319632,63832,4.0
2024-10-31,광주,전자제품,스마트폰,17,62134,1056278,128524,4.9
2024-10-31,대구,식품,커피,12,86912,1042944,152013,2.6
2024-11-02,대구,전자제품,이어폰,13,27207,353691,97465,5.0
2024-11-02,부산,의류,자켓,16,177927,2846832,535471,4.6
2024-11-04,부산,도서,소설,14,133575,1870050,352444,4.9
2024-11-04,대구,식품,음료,4,128489,513956,99393,2.6
2024-11-05,서울,도서,자기계발,1,32723,32723,8261,3.9
2024-11-05,광주,가구,책상,11,31086,341946,44865,4.5
2024-11-05,인천,가구,의자,10,27431,274310,91979,2.7
2024-11-06,인천,전자제품,노트북,5,85642,428210,102281,4.4
2024-11-07,서울,도서,에세이,12,134695,1616340,386307,3.3
2024-11-07,대구,도서,에세이,4,14596,58384,15229,4.5
2024-11-07,인천,의류,자켓,15,66215,993225,118096,3.4
2024-11-08,광주,도서,에세이,14,191339,2678746,851308,4.4
2024-11-08,인천,도서,만화,1,82575,82575,22749,4.5
2024-11-09,서울,의류,티셔츠,4,93791,375164,103627,4.5
2024-11-11,광주,전자제품,노트북,17,144999,2464983,476513,3.1
2024-11-12,인천,전자제품,스마트폰,9,64711,582399,140820,3.2
2024-11-12,서울,전자제품,이어폰,13,85219,1107847,377270,3.4
2024-11-13,광주,가구,의자,16,90431,1446896,242965,3.5
2024-11-13,부산,전자제품,이어폰,16,148697,2379152,459296,3.3
2024-11-13,부산,전자제품,이어폰,5,127746,638730,72909,3.4
2024-11-14,대구,도서,자기계발,9,62545,562905,169273,2.5
2024-11-14,광주,도서,에세이,8,165831,1326648,283644,2.5
2024-11-15,부산,식품,음료,13,117581,1528553,384345,3.1
2024-11-15,광주,가구,소파,1,37402,37402,9023,4.7
2024-11-16,서울,가구,책상,15,95270,1429050,395747,2.7
2024-11-16,대구,식품,과자,10,28248,282480,93273,4.0
2024-11-17,인천,가구,소파,4,136189,544756,89599,2.9
2024-11-18,대구,의류,티셔츠,1,99767,99767,24532,3.8
2024-11-18,부산,전자제품,노트북,13,153036,1989468,393827,3.9
2024-11-19,부산,도서,에세이,14,72203,1010842,269792,4.5
2024-11-19,부산,도서,소설,16,171472,2743552,349438,3.5
2024-11-19,광주,도서,에세이,19,182953,3476107,492157,4.0
2024-11-19,서울,가구,책상,5,39542,197710,40479,4.4
2024-11-21,서울,도서,소설,12,154849,1858188,601225,2.8
2024-11-21,대구,의류,티셔츠,2,66246,132492,26238,2.9
2024-11-21,서울,식품,커피,2,69674,139348,36814,3.3
2024-11-22,서울,식품,음료,19,57142,1085698,230668,3.0
2024-11-22,서울,전자제품,모니터,8,129375,1035000,107143,3.0
2024-11-22,부산,도서,소설,14,138251,1935514,591861,4.7
2024-11-23,대구,의류,운동화,19,16442,312398,32189,4.2
2024-11-25,부산,식품,커피,7,98269,687883,118761,4.5
2024-11-26,부산,가구,의자,7,130117,910819,116141,3.1
2024-11-26,대구,가구,책상,4,95373,381492,125834,3.7
2024-11-27,광주,의류,자켓,19,175738,3339022,805963,4.3
2024-11-27,대구,가구,소파,9,162636,1463724,424139,4.0
2024-11-28,광주,전자제품,모니터,12,13210,158520,32141,4.8
2024-11-28,광주,전자제품,이어폰,16,93733,1499728,318831,4.4
2024-11-29,대구,가구,의자,8,159455,1275640,136230,4.9
2024-12-02,인천,의류,자켓,3,187885,563655,131182,4.0
2024-12-03,대구,가구,소파,13,118143,1535859,230487,4.0
2024-12-03,서울,식품,음료,18,52254,940572,221375,4.2
2024-12-03,서울,식품,음료,3,66413,199239,50952,4.4
2024-12-04,부산,도서,소설,3,107795,323385,58910,4.2
2024-12-04,광주,전자제품,이어폰,5,72957,364785,94592,5.0
2024-12-04,광주,전자제품,스마트폰,17,193926,3296742,1077782,4.0
2024-12-05,인천,가구,소파,12,22159,265908,28877,4.8
2024-12-05,인천,전자제품,모니터,12,8866,106392,25943,2.7
2024-12-06,서울,가구,소파,15,74212,1113180,254007,3.6
2024-12-06,서울,도서,만화,6,173452,1040712,354713,3.1
2024-12-07,인천,도서,만화,10,103864,1038640,134080,4.5
2024-12-07,인천,식품,라면,14,153087,2143218,736643,3.4
2024-12-08,대구,식품,과자,2,131060,262120,38966,2.6
2024-12-08,광주,전자제품,노트북,19,182789,3472991,473104,3.7
2024-12-09,대구,식품,라면,13,12597,163761,17643,3.5
2024-12-09,대구,도서,에세이,7,85435,598045,69521,3.5
2024-12-10,서울,식품,라면,10,154503,1545030,267346,3.4
2024-12-10,서울,가구,침대,1,96829,96829,30497,2.6
2024-12-10,부산,식품,과자,15,161104,2416560,501640,2.9
2024-12-11,대구,식품,음료,7,144752,1013264,276352,3.5
2024-12-11,대구,가구,책상,13,78319,1018147,230582,4.0
2024-12-12,서울,식품,라면,12,132738,1592856,215377,2.9
2024-12-14,대구,전자제품,노트북,14,166595,2332330,328658,2.9
2024-12-14,광주,식품,커피,14,82129,1149806,128475,3.5
2024-12-14,인천,도서,만화,3,151323,453969,135798,3.7
2024-12-15,부산,전자제품,노트북,12,7282,87384,19356,3.9
2024-12-17,서울,가구,의자,4,154213,616852,83172,4.0
2024-12-17,부산,가구,의자,8,132896,1063168,365727,4.2
2024-12-20,인천,도서,자기계발,18,55290,995220,325237,4.2
2024-12-21,광주,도서,자기계발,19,25049,475931,50075,4.1
2024-12-22,광주,전자제품,이어폰,6,105123,630738,124160,4.6
2024-12-24,인천,도서,소설,17,7050,119850,25987,3.2
2024-12-25,대구,도서,자기계발,6,122832,736992,83275,3.9
2024-12-25,서울,전자제품,모니터,13,178021,2314273,665331,3.0
2024-12-27,부산,식품,커피,10,170268,1702680,482314,4.0
2024-12-27,서울,전자제품,노트북,13,100074,1300962,193875,4.0
2024-12-29,인천,전자제품,노트북,2,182109,364218,111838,3.3
2024-12-29,인천,전자제품,이어폰,4,159324,637296,74716,2.6
2024-12-30,대구,의류,티셔츠,2,137596,275192,51212,3.4
2024-12-30,인천,식품,라면,8,78523,628184,83666,4.9
