대상부서,시급성,데이터출처유형,교육명,대상인원수,예상비용(원),예상기간(일),예상효과유형,예상효과수치(%),연간기대절감액(원),우선순위점수,근거요약,사내강사보유여부,사내강사전문성매칭점수,사내강사활용시예상비용(원),외부위탁시예상비용(원),추천강사유형
안전환경,상,감사지적,안전보건 위험성평가 실무 교육,42,18000000,2,사고·리스크 감소,32,42000000,92,위험성평가 품질 향상과 현장 리스크 감소 필요,Y,70,15000000,22000000,사내
품질,상,품질리포트,품질관리(SPC/불량분석) 역량강화 교육,36,25000000,3,불량률 감소,35,48000000,90,반복 불량 원인 분석 역량 강화와 재작업 비용 감소 필요,Y,85,18000000,30000000,사내
경영혁신,중,KPI 텍스트마이닝,AI/RPA 기반 업무자동화 교육,28,15000000,2,업무시간 절감,30,34000000,84,반복 업무 자동화를 통한 생산성 개선 필요,Y,55,9000000,18000000,혼합
PMO,중,프로젝트 이슈로그,프로젝트 일정관리(PMO) 역량강화 교육,24,22000000,2,일정지연 감소,22,36000000,79,프로젝트 일정 지연과 재조정 비용 감소 필요,Y,62,13000000,22000000,혼합
전사,상,KPI 텍스트마이닝,생성형AI 활용 실무 교육,60,30000000,2,업무생산성 향상,25,45000000,88,문서 작성·분석 등 지식업무의 생산성 개선 필요,Y,58,17000000,30000000,혼합
기획,중,KPI 텍스트마이닝,데이터 기반 의사결정(BI 툴 활용) 교육,26,16000000,2,분석시간 단축,28,32000000,82,리포팅 자동화와 데이터 기반 의사결정 역량 강화 필요,Y,68,10000000,17000000,혼합
고객서비스,중,CS클레임,고객 클레임 대응 및 CS 스크립트 고도화 교육,40,12000000,1,클레임 처리시간 단축,20,24000000,75,반복 클레임 유형 대응 표준화와 처리시간 단축 필요,Y,72,8000000,13000000,사내
감사/준법,중,감사지적,내부통제/컴플라이언스 감사 대응 교육,20,10000000,1,감사 지적 감소,18,20000000,73,반복 감사 지적 예방과 내부통제 이해도 향상 필요,Y,65,9000000,14000000,혼합
IT,중,헬프데스크 티켓,IT 헬프데스크 반복문의 해소 IT리터러시 교육,50,20000000,2,문의건수 감소,29,35000000,80,반복 문의 감소와 기본 IT 활용역량 향상 필요,Y,75,14000000,25000000,사내
전사,상,프로젝트 이슈로그,신규 ERP 시스템 활용 교육,120,30000000,4,업무오류 감소,40,50000000,86,신규 ERP 정착과 초기 업무 오류 최소화 필요,Y,80,22000000,35000000,사내
