교육ID,교육명,데이터출처유형,근거요약,대상부서,대상인원수,예상비용(원),예상기간(일),예상효과유형,예상효과수치(%),연간기대절감액(원),우선순위점수,시급성
T01,AI/RPA 기반 업무자동화 교육,반복업무 시간로그(RPA 후보 분석),"재무/구매 부서 반복 입력·정산 업무의 처리시간이 전사 평균 대비 3배 이상 소요됨이 업무시간 로그 분석에서 확인됨",재무/구매,45,15000000,10,업무처리시간 단축,35,120000000,92,상
T02,신규 ERP 시스템 활용 교육,신규 시스템 도입계획(ERP 전환 프로젝트),"ERP 전환 프로젝트 파일럿 운영 중 입력오류 발생 건수가 목표치 대비 2.5배로 집계됨",전사(생산/물류),300,80000000,15,입력오류 감소,40,90000000,88,상
T03,품질관리(SPC/불량분석) 역량강화 교육,품질 불량 리포트(QA 이슈트래커),"최근 6개월 QA 이슈트래커 상 동일 유형 불량 재발률이 전체 불량의 62%를 차지",생산,60,25000000,5,불량률 감소,28,150000000,95,상
T04,고객 클레임 대응 및 CS 스크립트 고도화 교육,고객 클레임/CS 데이터 분석,"CS 클레임 로그 분석 결과 동일 문의 재접수율이 상승 추세이며 상담원 응대 편차가 큼",CS센터,80,12000000,4,재문의율 감소,20,40000000,70,중
T05,IT 헬프데스크 반복문의 해소 IT리터러시 교육,IT 헬프데스크 티켓 분석,"헬프데스크 티켓 중 상위 5개 반복 문의 유형이 전체 티켓의 47%를 차지함이 확인됨",전사,500,20000000,3,문의건수 감소,30,35000000,65,중
T06,생성형AI 활용 실무 교육,채용공고/업계 벤치마킹(요구역량 트렌드 분석),"경쟁사 채용공고 및 산업 리포트 분석 결과 AI 활용역량 요구 비중이 전년 대비 급증",기획/마케팅,40,30000000,6,문서작성·분석 생산성 증대,25,60000000,80,상
T07,안전보건 위험성평가 실무 교육,안전사고/재해 리포트,"최근 1년 현장 아차사고 리포트 건수가 전년 대비 증가 추세이며 위험성평가 미흡 항목 반복 지적",생산/현장직,150,18000000,3,안전사고 발생률 감소,50,200000000,98,상
T08,프로젝트 일정관리(PMO) 역량강화 교육,프로젝트 지연·이슈 로그 분석,"사내 프로젝트 관리시스템 상 일정 지연 프로젝트 비중이 전체의 38%로 집계됨",개발/기획,70,22000000,5,프로젝트 지연율 감소,22,55000000,75,중
T09,내부통제/컴플라이언스 감사 대응 교육,내부감사 지적사항 분석,"최근 2개년 내부감사 지적사항 중 동일 유형 반복 지적이 전체의 55%를 차지",재무/법무,30,10000000,2,감사 지적건수 감소,45,30000000,60,중
T10,데이터 기반 의사결정(BI 툴 활용) 교육,KPI 미달 항목 텍스트마이닝,"부서별 KPI 미달 사유 텍스트마이닝 결과 '데이터 미확인/분석 지연'이 상위 사유로 반복 등장",팀장급 이상,50,16000000,4,의사결정 소요시간 단축,30,45000000,78,중
