교육ID,교육명,데이터출처유형,근거수치,대상부서,대상인원,예상비용_원,예상기간_주,기대효과유형,기대효과수치,연간기대절감액_원,강사구분,시급성점수,ROI점수,리스크점수
T01,GMP 실사 대응 및 문서관리 심화과정,GMP·규제감사 지적사항,최근 2년간 식약처·PIC/S 실사에서 문서관리 미비 지적 7건 중 4건이 생산1·2팀에서 반복 발생,생산본부(생산1팀·생산2팀·QA팀),86,42000000,3,규제 재발지적 감소,반복지적 재발률 70%→15%,180000000,외주(GMP 전문기관),9.5,7.0,10.0
T02,QC 분석법 밸리데이션 실무과정,QC/QA 품질리포트,최근 4분기 OOS(규격외결과) 발생률이 QC 3팀에서 업계 평균 대비 2.3배,QC팀,34,18000000,4,OOS 재발건수 감소,분기 OOS 12건→4건,95000000,외주(분석전문기관),8.5,7.5,9.0
T03,MR 영업사원 임상근거 기반 디테일링 스킬업,MR 실적/CRM 로그,CRM 상담기록 분석 결과 상위 20% MR 대비 하위 40% MR의 처방전환율이 평균 31% 낮음,영업본부(전국 MR),210,65000000,6,처방전환율 개선,MR 1인당 월 평균 처방전환율 하위 40%군 +8%p,320000000,내부(세일즈트레이닝팀 사내강사),7.0,8.5,3.0
T04,R&D 파이프라인 프로젝트 매니지먼트(PMP 실무),R&D 파이프라인 이슈로그,최근 3개년 임상시험 마일스톤 지연 이슈 로그 기준 지연건의 58%가 일정관리·리스크관리 역량 부족으로 태깅,R&D본부(임상개발팀·전임상팀),58,54000000,8,마일스톤 지연율 감소,평균 마일스톤 지연 일수 24일→10일,210000000,외주(PM 전문기관),6.5,7.0,4.5
T05,컴플라이언스 리프레셔 및 反부패 실무교육,컴플라이언스 교육이수율/재발위반 이력,최근 2년 내 CP(공정거래 자율준수) 관련 재발 위반 사례 5건 중 3건이 동일 유형(경제적 이익 제공) 반복,영업본부·마케팅본부,265,38000000,2,재발 위반건수 감소,연간 재발 위반 5건→1건 이하,150000000,외주(법무법인 CP 전문과정),9.0,6.0,10.0
T06,신제품 출시 대비 항암·전문의약품 임상데이터 역량강화,신제품 출시일정 대비 역량갭,2027년 상반기 항암 신약 출시 예정이나 담당 MR·PM 중 항암 임상데이터 해석 역량 보유자가 22%에 불과(역량진단 갭 78%p),영업본부·마케팅본부·메디컬팀,120,72000000,5,신제품 조기 안착,출시 후 3개월 목표 처방액 달성률 60%→85%,260000000,외주(메디컬사이언스 전문기관)+내부 메디컬팀 공동,8.0,8.0,4.0
T07,생산현장 5대 안전수칙 및 중대재해처벌법 대응교육,GMP·규제감사 지적사항,"최근 1년 산업안전 자체점검에서 중대재해처벌법 이행항목 미흡 지적 4건",생산본부 전체 인원,340,26000000,2,안전 관련 지적건수 감소,자체점검 미흡지적 4건→0건,90000000,외주(산업안전 전문기관),9.5,5.5,10.0
T08,경쟁사 벤치마킹 기반 차세대 리더십·직무역량 강화,경쟁사·업계 채용공고 벤치마킹,경쟁 제약사 채용공고 분석 결과 상위 5개사 대비 당사 팀장급 직무기술서에 데이터분석·디지털마케팅 역량 요건 반영률 34%로 최하위,전사 팀장급,95,45000000,6,핵심역량 보유율 개선,팀장 대상 디지털/데이터 역량 보유율 34%→70%,110000000,내부(HRD 사내강사)+외주 특강 혼합,5.5,6.5,3.0
T09,QA 배치기록서(BR) 검토 표준화 과정,QC/QA 품질리포트,"최근 반기 배치기록서 검토 지연으로 인한 출하지연 건수 9건 중 8건이 QA 검토 표준절차 미숙지에서 기인",QA팀,28,15000000,3,출하지연건수 감소,반기 출하지연 9건→2건,130000000,내부(QA 사내강사),8.0,7.5,7.5
T10,R&D 연구노트·지식재산 관리 실무교육,R&D 파이프라인 이슈로그,최근 특허출원 검토과정에서 연구노트 기재미비로 우선권 주장 곤란 사례 3건 발생,R&D본부 연구직,150,22000000,3,지재권 리스크 감소,연구노트 기재미비율 18%→3%,70000000,외주(지재권 전문기관),6.0,6.0,7.0
